feature,abs_corr_with_target
thal,0.5220565142113133
ca,0.4600330256132092
exang,0.4318939871885016
oldpeak,0.4245101833416612
thalach,0.4171668769579602
cp,0.41444638790514166
slope,0.33921315948366715
sex,0.2768163163920976
age,0.22312029469045103
restecg,0.16920188657375607
trestbps,0.15082544959450633
chol,0.09100236375467578
fbs,0.025263666975726132
